City_ID,City,Lat,Lng,Max Temp,Humidity,Cloudiness,Wind Speed,Country,Date
0,jamestown,42.097,-79.2353,19.29,90,75,2.57,US,1691052924
1,idfu,24.9803,32.8747,41.61,11,13,1.38,EG,1691052932
2,port lincoln,-34.7333,135.8667,18.81,59,100,4.87,AU,1691052932
3,port-aux-francais,-49.35,70.2167,3.58,91,75,14.07,TF,1691052932
4,hermanus,-34.4187,19.2345,18.78,52,18,2.24,ZA,1691052933
5,haiku-pauwela,20.9219,-156.3051,24.47,83,13,3.58,US,1691052933
6,talnakh,69.4865,88.3972,26.0,18,26,0.96,RU,1691052661
7,naze,28.3667,129.4833,26.51,90,100,9.05,JP,1691052934
8,clorinda,-25.2848,-57.7185,18.12,61,0,2.67,AR,1691052934
9,osinovo,55.8809,48.881,25.05,66,100,0.67,RU,1691052934
10,port mathurin,-19.6833,63.4167,22.75,81,86,5.08,MU,1691052935
11,constantia,44.1833,28.65,31.5,53,0,2.81,RO,1691052862
12,ushuaia,-54.8,-68.3,3.81,75,20,7.2,AR,1691052641
13,grytviken,-54.2811,-36.5092,-1.3,97,100,2.5,GS,1691052935
14,wailua homesteads,22.0669,-159.378,26.44,82,40,6.17,US,1691052936
15,papatowai,-46.5619,169.4708,9.17,81,77,3.66,NZ,1691052936
16,greymouth,-42.4667,171.2,4.65,71,0,1.5,NZ,1691052937
17,albany,42.6001,-73.9662,16.23,83,89,1.66,US,1691052937
18,klyuchi,52.2667,79.1667,31.44,29,100,6.66,RU,1691052937
19,yellowknife,62.456,-114.3525,12.29,94,0,1.03,CA,1691052938
20,tiksi,71.6872,128.8694,4.44,96,100,5.87,RU,1691052938
21,puerto ayora,-0.7393,-90.3518,23.64,93,23,1.34,EC,1691052938
22,bethel,41.3712,-73.414,16.46,84,41,1.03,US,1691052939
23,blackmans bay,-43.0167,147.3167,14.83,66,100,1.93,AU,1691052939
24,barre,44.197,-72.5021,17.44,94,75,0.0,US,1691052940
25,iqaluit,63.7506,-68.5145,5.85,86,75,0.0,CA,1691052940
26,cuito,-12.3833,16.9333,21.83,26,1,4.24,AO,1691052941
27,margate,51.3813,1.3862,17.72,79,73,4.92,GB,1691052941
28,alofi,-19.0595,-169.9187,19.94,94,100,5.66,NU,1691052941
29,waitangi,-43.9535,-176.5597,6.57,92,100,2.24,NZ,1691052942
30,invercargill,-46.4,168.35,9.45,89,77,2.24,NZ,1691052942
31,mbandaka,0.0487,18.2603,28.5,54,82,1.31,CD,1691052943
32,aykhal,66.0,111.5,9.1,66,100,6.38,RU,1691052943
33,barra de santo antonio,-9.4047,-35.5072,21.6,79,94,4.77,BR,1691052944
34,westport,41.1415,-73.3579,17.96,81,25,0.89,US,1691052944
35,val-d'or,48.1002,-77.7828,16.05,94,100,4.12,CA,1691052944
36,port elizabeth,-33.918,25.5701,25.05,43,0,4.12,ZA,1691052857
37,arraial do cabo,-22.9661,-42.0278,17.92,94,0,2.57,BR,1691052945
38,fallsburg,41.732,-74.6013,13.69,95,66,0.83,US,1691052946
39,bengkulu,-3.8004,102.2655,27.23,86,86,3.32,ID,1691052946
40,patterson,37.4716,-121.1297,17.21,57,14,1.86,US,1691052946
41,puerto natales,-51.7236,-72.4875,4.02,91,100,8.95,CL,1691052947
42,verkhnevilyuysk,63.4453,120.3167,25.51,37,63,1.31,RU,1691052947
43,rongelap,11.1635,166.8941,28.52,79,62,5.99,MH,1691052948
44,talas,38.6908,35.5538,30.37,20,20,2.57,TR,1691052948
45,san julian,21.0167,-102.1667,12.96,79,18,1.0,MX,1691052948
46,arkhara,49.4212,130.0842,22.74,81,100,1.23,RU,1691052949
47,enumclaw,47.2043,-121.9915,16.47,83,0,0.89,US,1691052949
48,longyearbyen,78.2186,15.6401,11.91,71,20,1.54,SJ,1691052663
49,bilibino,68.0546,166.4372,9.74,93,100,1.62,RU,1691052950
50,udachny,66.4167,112.4,11.36,61,100,6.64,RU,1691052950
51,aasiaat,68.7098,-52.8699,1.46,97,100,2.11,GL,1691052951
52,sao jose da coroa grande,-8.8978,-35.1478,23.72,78,82,4.8,BR,1691052951
53,dampit,-8.2116,112.7493,25.81,72,21,2.66,ID,1691052952
54,axim,4.8699,-2.2405,25.55,74,100,4.0,GH,1691052952
55,chonchi,-42.6128,-73.8092,2.29,89,74,0.66,CL,1691052953
56,gorontalo,0.5412,123.0595,29.44,66,12,2.49,ID,1691052781
57,la'ie,21.6477,-157.9253,26.98,75,17,7.09,US,1691052953
58,sao joao da barra,-21.6403,-41.0511,18.85,83,0,4.92,BR,1691052954
59,ilulissat,69.2167,-51.1,2.74,67,40,2.18,GL,1691052954
60,mammoth lakes,37.6485,-118.9721,12.41,51,0,0.0,US,1691052954
61,sitka,57.0531,-135.33,15.94,82,40,3.09,US,1691052955
62,aoulef,26.9667,1.0833,41.8,7,19,7.56,DZ,1691052955
63,dudinka,69.4058,86.1778,24.67,26,66,6.8,RU,1691052955
64,nadym,65.5333,72.5167,29.99,37,1,7.14,RU,1691052956
65,gadzhiyevo,69.2551,33.3362,23.45,55,55,6.61,RU,1691052956
66,edinburgh of the seven seas,-37.0676,-12.3116,13.72,80,43,13.81,SH,1691052956
67,tabou,4.423,-7.3528,25.31,81,100,3.78,CI,1691052957
68,saipan,15.1355,145.701,28.69,100,100,1.9,MP,1691052938
69,margaret river,-33.95,115.0667,11.88,64,99,2.35,AU,1691052957
70,adamstown,-25.066,-130.1015,21.61,76,97,8.96,PN,1691052958
71,georgetown,5.4112,100.3354,31.97,63,20,5.66,MY,1691052942
72,yoloten,37.2989,62.3597,41.73,6,0,8.0,TM,1691052669
73,khandyga,62.6667,135.6,20.95,54,15,1.57,RU,1691052959
74,thompson,55.7435,-97.8558,16.09,94,100,1.54,CA,1691052959
75,la passe,45.5549,-0.8967,20.13,60,31,9.89,FR,1691052960
76,nieuw amsterdam,5.8833,-55.0833,25.08,89,91,2.76,SR,1691052725
77,bredasdorp,-34.5322,20.0403,18.9,44,69,2.89,ZA,1691052961
78,kenai,60.5544,-151.2583,12.27,94,0,4.63,US,1691052961
79,nogliki,51.8333,143.1667,14.9,74,46,3.47,RU,1691052962
80,mitu,1.1983,-70.1733,20.72,99,80,0.24,CO,1691052962
81,beberibe,-4.1797,-38.1306,23.05,86,8,4.99,BR,1691052962
82,avarua,-21.2078,-159.775,23.03,100,100,3.09,CK,1691052963
83,ribeira grande,38.5167,-28.7,23.22,78,40,4.12,PT,1691052963
84,lebu,-37.6167,-73.65,6.32,72,62,7.67,CL,1691052963
85,teluk intan,4.0259,101.0213,30.01,73,99,1.33,MY,1691052964
86,porto novo,6.4965,2.6036,25.9,85,100,2.94,BJ,1691052964
87,arkhangel'sk,64.5401,40.5433,27.6,41,27,1.78,RU,1691052965
88,panevezys,55.7333,24.35,19.13,70,100,6.89,LT,1691052965
89,kuala tungkal,-0.8167,103.4667,29.33,72,100,3.48,ID,1691052965
90,bushehr,28.9684,50.8385,38.05,60,2,5.14,IR,1691052966
91,puerto lempira,15.2667,-83.7667,25.36,89,50,0.6,HN,1691052966
92,murzuq,25.9155,13.9184,36.64,13,0,4.04,LY,1691052966
93,labuan,5.2767,115.2417,29.2,65,20,1.54,MY,1691052967
94,sirte,31.2089,16.5887,29.35,54,0,0.85,LY,1691052967
95,kirakira,-10.4544,161.9205,25.08,91,100,4.39,SB,1691052967
96,hilo,19.7297,-155.09,25.16,93,59,2.24,US,1691052968
97,college,64.8569,-147.8028,18.78,75,75,0.0,US,1691052968
98,ust-nera,64.5667,143.2,20.14,38,19,2.46,RU,1691052968
99,holualoa,19.6228,-155.9522,21.94,89,78,1.34,US,1691052969
100,alice springs,-23.7,133.8833,24.75,25,1,2.57,AU,1691052969
101,brookings,44.3114,-96.7984,22.32,94,93,1.23,US,1691052970
102,stanley,54.868,-1.6985,15.99,86,100,3.95,GB,1691052970
103,muli,2.9167,73.5667,28.3,71,58,2.77,MV,1691052971
104,whitehorse,60.7161,-135.0538,16.43,67,20,1.03,CA,1691052971
105,qaqortoq,60.7167,-46.0333,6.83,81,71,1.13,GL,1691052971
106,harper,4.375,-7.7169,25.18,81,100,3.6,LR,1691052972
107,brejo santo,-7.4933,-38.9872,24.13,86,100,2.83,BR,1691052972
108,keyser,39.4409,-78.9739,18.53,96,29,0.66,US,1691052972
109,feni,23.0186,91.41,29.86,74,100,6.45,BD,1691052973
110,altay,47.8667,88.1167,29.07,30,61,2.75,CN,1691052973
111,quellon,-43.1167,-73.6167,4.14,93,75,0.0,CL,1691052974
112,utrik,11.2278,169.8474,28.62,78,27,6.94,MH,1691052974
113,dabeiba,7.0017,-76.2672,21.83,95,25,1.69,CO,1691052974
114,saint-laurent-du-maroni,5.5039,-54.0289,22.16,98,60,1.34,GF,1691052975
115,stara pazova,44.985,20.1608,33.27,47,0,1.54,RS,1691052975
116,taltal,-25.4,-70.4833,14.14,87,10,0.96,CL,1691052975
117,west island,-12.1568,96.8225,25.99,69,75,9.26,CC,1691052976
118,djibo,14.1022,-1.6306,29.75,58,48,5.71,BF,1691052976
119,chibougamau,49.9168,-74.3659,13.79,94,100,4.63,CA,1691052977
120,lompoc,34.6391,-120.4579,15.43,84,100,8.49,US,1691052977
121,lihue,21.9789,-159.3672,26.77,76,40,6.17,US,1691052977
122,anloga,5.7947,0.8973,24.95,81,100,4.64,GH,1691052978
123,anadyr,64.75,177.4833,12.28,76,20,7.0,RU,1691052978
124,vorgashor,67.5833,63.95,27.39,50,15,2.37,RU,1691052979
125,petropavlovsk-kamchatsky,53.0452,158.6483,14.33,88,40,4.0,RU,1691052979
126,punta arenas,-53.15,-70.9167,4.05,91,100,12.81,CL,1691052979
127,garden city,42.3256,-83.331,20.14,94,1,1.85,US,1691052980
128,riberalta,-10.9833,-66.1,21.62,55,0,0.58,BO,1691052980
129,vytegra,61.0064,36.4481,26.26,49,100,4.47,RU,1691052981
130,inarajan village,13.2736,144.7484,28.33,90,100,0.89,GU,1691052981
131,port moresby,-9.4431,147.1797,26.68,74,20,12.86,PG,1691052982
132,usogorsk,63.4106,48.6872,27.63,40,24,2.57,RU,1691052982
133,persembe,41.0656,37.7714,25.56,77,64,2.1,TR,1691052982
134,praia da vitoria,38.7333,-27.0667,22.14,94,75,6.42,PT,1691052983
135,puerto aysen,-45.4,-72.7,3.95,99,100,2.42,CL,1691052984
136,hawaiian paradise park,19.5933,-154.9731,22.8,96,86,4.09,US,1691052985
137,kingston,17.997,-76.7936,28.53,87,20,3.09,JM,1691052985
138,burgersdorp,-30.9977,26.3286,12.64,40,0,6.7,ZA,1691052985
139,marica,-22.9194,-42.8186,18.95,71,0,1.49,BR,1691052986
140,arno,60.1167,18.6333,18.21,66,100,5.27,SE,1691052987
141,miles city,46.4083,-105.8406,23.44,53,68,1.71,US,1691052987
142,singkil,-7.9855,111.4161,30.34,56,3,3.92,ID,1691052987
143,bambamarca,-6.6833,-78.5333,8.89,95,63,1.73,PE,1691052988
144,chernyshevskiy,63.0128,112.4714,16.75,83,96,4.45,RU,1691052988
145,la serena,-29.9078,-71.2542,14.73,88,100,2.06,CL,1691052988
146,coquimbo,-29.9533,-71.3436,14.85,88,100,2.06,CL,1691052989
147,uturoa,-16.7333,-151.4333,26.07,70,3,6.31,PF,1691052990
148,fort bragg,35.139,-79.006,19.55,89,47,1.75,US,1691052990
149,kokpekty,48.75,82.4,19.41,74,37,2.0,KZ,1691052990
150,impfondo,1.6381,18.0667,24.98,84,100,0.59,CG,1691052991
151,cabo san lucas,22.8909,-109.9124,30.34,70,80,1.34,MX,1691052991
152,kirensk,57.7853,108.1119,27.03,26,0,3.32,RU,1691052992
153,bay harbor,30.1471,-85.6146,25.57,89,44,2.22,US,1691052992
154,kristiansund,63.1115,7.732,17.03,82,40,2.57,NO,1691052992
155,igrim,63.1906,64.4162,29.45,38,19,3.82,RU,1691052993
156,isafjordur,66.0755,-23.124,9.02,87,100,0.0,IS,1691052993
157,weno,7.4515,151.8468,29.25,70,30,1.74,FM,1691052994
158,coronel suarez,-37.4547,-61.9334,2.11,76,4,0.76,AR,1691052994
159,nova sintra,14.8667,-24.7167,22.37,80,100,2.5,CV,1691052995
160,laiwu,36.1928,117.6569,31.8,69,45,4.26,CN,1691052995
161,afaahiti,-17.75,-149.2833,22.93,74,13,5.0,PF,1691052995
162,vikhorevka,56.1201,101.1636,24.77,36,69,2.28,RU,1691052996
163,sodankyla,67.4167,26.6,17.28,92,100,3.82,FI,1691052996
164,selsey,50.735,-0.7898,18.95,83,48,2.24,GB,1691052996
165,morondava,-20.2833,44.2833,28.91,43,0,0.46,MG,1691052997
166,smithers,54.7804,-127.1743,12.18,87,100,0.0,CA,1691052997
167,katsuura,35.1333,140.3,27.35,85,50,6.13,JP,1691052986
168,chiredzi,-21.05,31.6667,19.93,37,0,3.79,ZW,1691052998
169,inhambane,-23.865,35.3833,18.99,93,40,5.81,MZ,1691052998
170,choibalsan,48.0667,114.5,15.38,89,100,6.47,MN,1691052999
171,walvis bay,-22.9575,14.5053,18.43,46,0,2.73,,1691052999
172,newman,37.3138,-121.0208,17.23,68,1,2.64,US,1691052999
173,ugbokpo,7.6565,7.8664,23.57,91,100,2.75,NG,1691053000
174,guisa,20.255,-76.5386,23.19,94,98,1.25,CU,1691053000
175,priargunsk,50.3691,119.1012,13.72,86,100,7.66,RU,1691053000
176,arkhipo-osipovka,44.37,38.52,27.16,64,100,2.85,RU,1691053001
177,saint-felicien,48.6501,-72.4491,16.38,72,75,6.69,CA,1691053001
178,belle fourche,44.6714,-103.8522,22.83,59,98,1.69,US,1691053002
179,nemuro,43.3236,145.575,18.46,92,100,5.76,JP,1691052854
180,al hazm,16.1641,44.7769,39.05,11,86,3.84,YE,1691053002
181,chipinge,-20.1883,32.6236,16.31,38,0,3.28,ZW,1691053003
182,dellys,36.9172,3.9131,30.64,47,0,2.49,DZ,1691053003
183,vadso,70.0744,29.7487,26.49,64,0,7.2,NO,1691053004
184,sisimiut,66.9395,-53.6735,6.2,86,100,0.57,GL,1691053004
185,st. john's,47.5649,-52.7093,15.52,94,75,4.12,CA,1691053004
186,brisas de zicatela,15.8369,-97.0419,25.26,88,100,2.57,MX,1691053005
187,masina,-4.3836,15.3914,24.16,69,40,4.12,CD,1691053005
188,keflavik,64.0049,-22.5624,12.24,82,75,5.14,IS,1691052731
189,dawson creek,55.7666,-120.2362,11.8,94,75,1.03,CA,1691053006
190,hasaki,35.7333,140.8333,32.39,86,41,7.41,JP,1691053007
191,ancud,-41.8697,-73.8203,3.44,80,53,2.02,CL,1691053007
192,ocean shores,46.9737,-124.1563,17.23,92,3,0.89,US,1691053007
193,kalabo,-14.97,22.6814,24.35,29,0,5.01,ZM,1691053008
194,itoman,26.1247,127.6694,28.21,89,75,12.86,JP,1691052732
195,masterton,-40.9597,175.6575,6.6,93,99,2.71,NZ,1691053009
196,souillac,-20.5167,57.5167,24.21,78,75,6.17,MU,1691053009
197,raja,8.4596,25.678,30.49,52,74,2.44,SS,1691053009
198,pacific grove,36.6177,-121.9166,15.24,89,100,2.57,US,1691053009
199,san patricio,28.017,-97.5169,29.36,81,5,3.51,US,1691053010
200,sidi amrane,33.4989,6.008,37.41,20,0,1.88,DZ,1691053010
201,adoni,15.6333,77.2833,30.77,49,100,10.69,IN,1691053011
202,howrah,22.5892,88.3103,33.0,66,75,6.17,IN,1691053011
203,nantucket,41.2835,-70.0995,17.23,88,0,2.57,US,1691052745
204,mount isa,-20.7333,139.5,22.87,35,0,3.6,AU,1691053012
205,saint-jean-sur-richelieu,45.3168,-73.2659,18.95,86,100,3.6,CA,1691053012
206,dzhangala,49.2167,50.3333,33.76,22,100,0.58,KZ,1691053013
207,opuwo,-18.0607,13.84,23.59,9,1,3.48,,1691053013
208,sovetskiy,61.3614,63.5842,25.3,61,69,3.65,RU,1691053013
209,fort dodge,42.4975,-94.168,20.07,97,78,1.36,US,1691053014
210,fukuecho,32.6881,128.8419,30.2,79,75,3.09,JP,1691053013
211,coro,11.4045,-69.6734,25.73,84,2,5.64,VE,1691053015
212,ingeniero jacobacci,-41.3427,-69.5448,-0.62,56,3,1.97,AR,1691053015
213,dakhla,23.6848,-15.958,21.01,83,5,7.2,EH,1691053015
214,ndola,-12.9587,28.6366,18.64,57,0,4.47,ZM,1691053016
215,port macquarie,-31.4333,152.9167,11.61,74,1,3.57,AU,1691053016
216,carnarvon,-24.8667,113.6333,18.28,48,64,8.21,AU,1691053017
217,al jawf,29.5,38.75,36.07,15,0,3.67,SA,1691053017
218,tarawa,1.419,172.984,29.05,74,20,1.54,KI,1691053017
219,atafu village,-8.5421,-172.5159,28.46,75,99,5.19,TK,1691053018
220,hamilton,39.1834,-84.5333,22.07,89,100,0.0,US,1691052954
221,kirawsk,53.2686,29.4736,23.32,63,15,2.98,BY,1691053019
222,tual,-5.6667,132.75,26.2,86,13,8.99,ID,1691053019
223,bardai,11.65,7.2333,26.26,72,95,6.3,NG,1691053020
224,sinop,41.7711,34.8709,27.81,39,5,3.71,TR,1691053020
225,orkney,-26.9802,26.6727,14.31,36,0,3.62,ZA,1691053020
226,saint-philippe,-21.3585,55.7679,24.77,83,44,6.02,RE,1691053021
227,constitucion,-35.3333,-72.4167,7.38,74,21,3.26,CL,1691053021
228,pitkyaranta,61.5734,31.4792,17.63,95,100,2.75,RU,1691053022
229,magadan,59.5667,150.8,18.63,84,100,2.72,RU,1691053022
230,arhribs,36.7936,4.3116,33.77,24,0,2.68,DZ,1691053022
231,katpur,21.05,71.7833,28.81,74,99,10.07,IN,1691053023
232,huanren,41.2647,125.3667,27.54,84,80,3.32,CN,1691053023
233,fale old settlement,-9.3852,-171.2468,28.51,73,63,7.58,TK,1691053023
234,kuta,-8.7233,115.1723,27.97,78,40,5.81,ID,1691053024
235,iskateley,67.6803,53.1512,27.16,45,2,3.39,RU,1691053024
236,polyarnyy,69.1989,33.4478,23.1,56,54,6.79,RU,1691053025
237,ninghai,29.2892,121.4247,27.55,93,97,5.07,CN,1691053025
238,nar'yan-mar,67.6713,53.087,27.23,45,2,3.33,RU,1691053025
239,sandefjord,59.1312,10.2167,20.31,82,20,4.63,NO,1691053026
240,ironwood,46.4547,-90.171,17.67,91,92,2.53,US,1691053026
241,tanda,26.55,82.65,35.6,50,99,7.64,IN,1691052909
242,timmins,48.4669,-81.3331,14.9,100,75,2.57,CA,1691053027
243,vila franca do campo,37.7167,-25.4333,24.23,81,55,1.32,PT,1691053027
244,tolanaro,-25.0319,46.9987,21.04,64,75,7.2,MG,1691053028
245,baley,51.6,116.6333,21.46,31,100,4.86,RU,1691053028
246,tidjikja,18.5564,-11.4271,30.62,42,11,7.65,MR,1691053029
247,el calafate,-50.3408,-72.2768,1.98,92,27,6.25,AR,1691053029
248,namibe,-15.1961,12.1522,20.8,72,0,2.4,AO,1691053029
249,colonia,50.9333,6.95,19.42,78,100,6.69,DE,1691052962
250,dryden,49.7833,-92.7503,16.16,88,0,2.57,CA,1691053030
251,aripuana,-9.1667,-60.6333,21.43,72,0,0.46,BR,1691053031
252,al majaridah,19.1236,41.9111,38.74,24,8,3.5,SA,1691053031
253,princeville,45.7668,-61.2985,14.82,92,0,0.0,CA,1691053031
254,pandan,14.0453,124.1694,29.85,73,100,5.2,PH,1691053032
255,cassilandia,-19.1133,-51.7342,18.45,50,0,0.97,BR,1691053032
256,kwang binh,17.4833,106.6,26.34,88,100,5.2,VN,1691052742
257,sadabad,27.45,78.05,36.75,45,91,2.96,IN,1691053033
258,susuman,62.7833,148.1667,14.44,54,88,8.3,RU,1691053033
259,muynoq,43.7683,59.0214,36.11,21,45,4.43,UZ,1691053034
260,chuguyevka,44.1653,133.8633,23.32,98,100,1.43,RU,1691053034
261,port alfred,-33.5906,26.891,23.43,49,4,1.79,ZA,1691053034
262,santana,-0.0583,-51.1817,26.1,100,40,2.1,BR,1691053035
263,nouadhibou,20.931,-17.0347,20.99,94,40,4.63,MR,1691053035
264,tazovsky,67.4667,78.7,22.74,47,12,5.1,RU,1691053035
265,san francisco,37.7749,-122.4194,15.55,90,75,8.49,US,1691052934
266,tahe,52.3333,124.7333,23.97,32,100,2.81,CN,1691053036
267,sandnessjoen,66.0217,12.6316,15.29,94,75,7.2,NO,1691053036
268,canutama,-6.5339,-64.3831,22.78,88,51,1.1,BR,1691053037
269,acajutla,13.5928,-89.8275,25.7,83,100,2.34,SV,1691053037
270,kohima,25.6667,94.1167,23.14,92,100,1.01,IN,1691053038
271,enewetak,11.3474,162.3373,28.69,78,73,5.54,MH,1691053038
272,codrington,-38.2667,141.9667,16.24,49,77,9.16,AU,1691053038
273,san antonio de pale,-1.4014,5.6325,22.07,75,58,1.42,GQ,1691053039
274,lerwick,60.1545,-1.1494,14.0,87,100,7.46,GB,1691053039
275,acapulco de juarez,16.8634,-99.8901,25.74,89,98,3.25,MX,1691053040
276,formosa do rio preto,-11.0483,-45.1931,18.07,80,0,1.55,BR,1691053040
277,abra pampa,-22.7205,-65.697,4.8,19,0,2.41,AR,1691053040
278,jiaozuo,35.2397,113.2331,34.43,55,1,1.25,CN,1691053041
279,olonkinbyen,70.9221,-8.7187,3.73,95,34,4.51,SJ,1691053041
280,praia,14.9215,-23.5087,25.3,83,20,3.09,CV,1691053042
281,castillos,-34.1667,-53.8333,10.45,58,100,5.42,UY,1691053042
282,kasongo-lunda,-6.4667,16.8167,30.59,33,88,1.5,CD,1691053043
283,salalah,17.0151,54.0924,25.14,94,100,4.2,OM,1691053044
284,kodiak,57.79,-152.4072,11.73,94,100,0.0,US,1691053044
285,luwingu,-10.2621,29.9271,22.33,40,12,4.49,ZM,1691053044
286,tazacorte,28.629,-17.9293,24.53,79,75,6.69,ES,1691053045
287,taroudant,30.4703,-8.877,25.66,51,0,1.85,MA,1691053045
288,portland,45.5234,-122.6762,19.23,74,0,0.89,US,1691053046
289,hadibu,12.65,54.0333,29.33,60,22,14.63,YE,1691053046
290,jaraiz de la vera,40.0601,-5.7543,25.64,59,0,0.89,ES,1691053046
291,douglas,41.3,-96.167,22.03,96,100,2.57,US,1691053047
292,santa terezinha,-29.9002,-50.0904,18.25,82,6,4.98,BR,1691053047
293,jining,35.405,116.5814,31.57,73,99,2.96,CN,1691053048
294,lochbuie,40.0072,-104.7161,19.49,84,98,3.13,US,1691053048
295,macas,-2.3167,-78.1167,16.77,86,24,1.72,EC,1691053048
296,olinda,-8.0089,-34.8553,25.85,73,75,7.2,BR,1691053049
297,crane,31.3974,-102.3501,27.87,41,83,7.96,US,1691053049
298,mercedes,-34.6515,-59.4307,9.36,67,34,4.23,AR,1691053049
299,uttaradit,17.6667,100.5,23.25,96,100,1.75,TH,1691053050
300,cole harbour,44.6724,-63.4751,14.66,95,0,1.54,CA,1691053050
301,fisterra,42.9049,-9.2629,17.08,71,100,6.59,ES,1691053051
302,tura,25.5198,90.2201,29.36,74,100,3.31,IN,1691053051
303,litochoro,40.1006,22.4978,27.04,39,0,3.13,GR,1691053051
304,nishinoomote,30.7333,131.0,25.31,100,75,5.66,JP,1691053052
305,saldanha,-33.0117,17.9442,20.03,48,0,8.34,ZA,1691053052
306,greenwood,34.1668,-82.1165,23.49,37,87,1.68,US,1691053053
307,makubetsu,45.3714,141.8211,19.84,94,75,4.47,JP,1691052880
308,labytnangi,66.6572,66.4183,26.29,45,1,6.58,RU,1691053054
309,puerto maldonado,-12.6,-69.1833,19.83,65,26,0.33,PE,1691052802
310,east london,-33.0153,27.9116,25.52,33,0,3.6,ZA,1691053055
311,teshi old town,5.5836,-0.1072,25.31,94,100,2.57,GH,1691053055
312,minas de marcona,-15.2119,-75.1103,12.09,85,73,2.5,PE,1691053055
313,tralee,52.2704,-9.7026,15.14,88,75,3.09,IE,1691053055
314,sidi aissa,35.8855,3.7724,32.93,18,0,2.06,DZ,1691053056
315,bikenibeu village,1.3673,173.1241,28.98,74,20,1.54,KI,1691053057
316,xianning,29.8833,114.2167,32.38,71,94,2.0,CN,1691053057
317,"poblacion, san felipe",14.5665,121.0308,28.38,85,100,5.66,PH,1691053058
318,bontang,0.1333,117.5,28.62,72,22,4.59,ID,1691053058
319,smara,26.7384,-11.6719,25.47,51,0,7.03,EH,1691053059
320,sebastopol,44.6,33.5333,27.22,51,0,0.89,UA,1691053059
321,ascension,30.2169,-90.9001,25.01,100,0,0.0,US,1691053059
322,camocim,-2.9022,-40.8411,23.91,89,53,5.52,BR,1691053060
323,nuku'alofa,-21.1333,-175.2,21.19,68,75,6.17,TO,1691053060
324,ormara,25.2088,64.6357,27.81,81,22,6.74,PK,1691053061
325,uvalde,29.3669,-99.767,27.29,69,0,0.0,US,1691053061
326,stutterheim,-32.5708,27.424,19.34,24,0,6.2,ZA,1691053061
327,havza,40.9706,35.6622,29.34,42,0,2.06,TR,1691053062
328,soron,27.8833,78.75,35.08,50,100,1.98,IN,1691053062
329,villamontes,-21.25,-63.5,17.47,50,0,2.71,BO,1691053063
330,mogok,22.9167,96.5,22.28,91,100,1.31,MM,1691053063
331,akhnur,32.8667,74.7333,36.0,49,9,1.88,IN,1691053064
332,hirara,24.8,125.2833,28.15,94,75,18.01,JP,1691053064
333,birsk,55.4211,55.5428,27.58,40,38,3.62,RU,1691053064
334,kruisfontein,-34.0033,24.7314,23.82,31,16,7.02,ZA,1691053064
335,mossel bay,-34.1831,22.146,24.96,45,97,4.53,ZA,1691053065
336,urangan,-25.3,152.9,19.62,63,26,8.62,AU,1691053065
337,new norfolk,-42.7826,147.0587,15.49,69,100,1.88,AU,1691053065
338,vidisha,23.5333,77.8167,23.57,93,100,7.86,IN,1691053002
339,lata,40.1629,-8.3327,19.49,62,25,3.13,PT,1691053066
340,domerat,46.3606,2.5343,18.48,74,92,2.24,FR,1691053066
341,multan,30.1956,71.4753,35.94,56,40,3.09,PK,1691053067
342,sola,-13.8833,167.55,23.2,91,100,6.49,VU,1691053067
343,preobrazheniye,42.9019,133.9064,21.35,96,88,2.53,RU,1691053068
344,gao,16.6362,1.637,33.54,43,64,7.69,ML,1691053069
345,yuzhno-kurilsk,44.0306,145.8556,19.71,92,100,3.39,RU,1691053069
346,conduaga,8.862,117.4893,29.28,73,100,4.53,PH,1691053070
347,kavieng,-2.5744,150.7967,27.45,79,16,3.75,PG,1691053070
348,tuensang,26.2833,94.8333,24.54,95,100,0.92,IN,1691053070
349,tukrah,32.5341,20.5791,31.15,43,0,2.19,LY,1691053071
350,thames,-37.1333,175.5333,4.74,77,0,1.74,NZ,1691053071
351,tannum sands,-23.9504,151.3693,20.94,49,0,6.69,AU,1691053072
352,gallup,35.5281,-108.7426,14.45,85,61,1.59,US,1691053072
353,kailua-kona,19.6406,-155.9956,24.01,90,79,1.34,US,1691053072
354,alpatovo,43.7028,45.2415,33.1,33,0,2.04,RU,1691053073
355,helong,42.5397,128.9972,29.97,63,30,3.94,CN,1691053073
356,dravograd,46.5881,15.0192,25.7,73,68,1.94,SI,1691053073
357,palmer,42.1584,-72.3287,14.65,83,53,1.19,US,1691053074
358,kiama,-34.6833,150.8667,17.54,73,0,2.24,AU,1691053074
359,yanta,36.2411,115.6672,34.88,60,0,4.67,CN,1691053074
360,tutoia,-2.7619,-42.2744,25.17,84,52,5.47,BR,1691053075
361,cidade velha,14.9167,-23.6167,25.26,83,20,3.09,CV,1691053075
362,basco,20.4487,121.9702,28.09,87,100,16.79,PH,1691053076
363,avdiyivka,48.1399,37.7426,29.7,40,35,3.79,UA,1691053076
364,badger,64.8,-147.5333,18.73,72,75,0.0,US,1691053076
365,yabelo,4.8833,38.0833,15.29,68,100,4.91,ET,1691053077
366,jizan,17.3333,42.6667,35.52,30,12,4.63,SA,1691053077
367,tateyama,34.9833,139.8667,27.62,83,42,7.23,JP,1691053075
368,kiunga,-6.1219,141.2906,24.22,86,55,1.07,PG,1691053078
369,terbanggi besar,-4.8667,105.2333,30.4,65,65,4.1,ID,1691052897
370,feijo,-8.1642,-70.3536,22.02,72,87,0.37,BR,1691053079
371,whitecourt,54.1502,-115.6855,13.74,99,96,1.9,CA,1691053079
372,cruzeiro do sul,-29.5128,-51.9853,15.29,92,0,1.17,BR,1691053080
373,leffrinckoucke,51.0346,2.4645,18.37,51,95,1.79,FR,1691053080
374,cill airne,52.05,-9.5167,15.03,88,75,3.09,IE,1691053080
375,kulachi,31.9286,70.4592,42.92,25,0,3.3,PK,1691053081
376,ola,59.5833,151.2833,18.97,83,100,0.59,RU,1691053081
377,mugumu,-1.85,34.7,27.32,33,55,2.06,TZ,1691053082
378,ak-suu,42.4995,78.527,26.96,20,1,5.68,KG,1691053083
379,pyin oo lwin,22.0333,96.4667,21.82,93,100,2.82,MM,1691053083
380,ekibastuz,51.6667,75.3667,32.16,26,94,2.64,KZ,1691053084
381,eureka,40.8021,-124.1637,14.4,93,39,1.29,US,1691053085
382,zeya,53.75,127.2667,23.38,35,83,3.16,RU,1691053085
383,kangding,30.0513,101.9603,18.46,95,96,2.38,CN,1691053085
384,kamaishi,39.2667,141.8833,26.08,89,53,5.09,JP,1691053086
385,port blair,11.6667,92.75,31.02,70,75,7.2,IN,1691053086
386,vilyuysk,63.7553,121.6247,26.07,31,38,0.43,RU,1691053087
387,moree,-29.4667,149.85,13.95,49,5,1.6,AU,1691053074
388,monguno,12.6786,13.6079,32.12,50,34,4.71,NG,1691053088
389,mahibadhoo,3.7833,72.9667,28.03,72,60,1.97,MV,1691053088
390,mananara,-16.1667,49.7667,21.68,83,98,4.1,MG,1691053089
391,san borja,-14.8167,-66.85,20.08,69,0,0.76,BO,1691053089
392,taroa,8.7058,171.2275,28.2,78,78,5.2,MH,1691053089
393,terenozek,45.05,64.9833,35.88,16,0,5.29,KZ,1691053090
394,ta`u,-14.2336,-169.5144,27.58,70,7,4.39,AS,1691053090
395,whakatane,-37.9585,176.9854,6.54,87,18,3.57,NZ,1691053090
396,turan,16.0678,108.2208,31.99,66,75,2.06,VN,1691053091
397,kapa'a,22.0752,-159.319,27.18,81,40,6.17,US,1691053091
398,lijiang,26.8688,100.2207,22.93,72,59,2.41,CN,1691053091
399,amboasary,-25.0333,46.3833,22.81,48,10,8.04,MG,1691053092
400,selfoss,63.9331,-20.9971,13.36,68,1,2.2,IS,1691053093
401,sao miguel do araguaia,-13.275,-50.1628,21.81,36,0,1.45,BR,1691053093
402,summerland,49.5998,-119.6691,22.1,32,0,4.12,CA,1691053093
403,merowe,18.4833,31.8167,35.57,38,43,9.2,SD,1691053094
404,coahuayana de hidalgo,18.7,-103.6583,25.54,93,81,1.2,MX,1691053094
405,ciudad lazaro cardenas,17.9583,-102.2,26.59,86,100,1.72,MX,1691053094
406,selkirk,50.1436,-96.8845,21.04,88,19,2.04,CA,1691053095
407,goure,13.9835,10.2704,31.96,46,98,6.62,NE,1691053095
408,red wing,44.5625,-92.5338,23.3,90,0,0.89,US,1691053096
409,san pedro,14.35,121.0167,27.97,84,100,5.66,PH,1691053096
410,brooks,50.5834,-111.8851,21.99,36,4,3.6,CA,1691053096
411,aracataca,10.5918,-74.1898,26.72,48,0,1.62,CO,1691053097
412,ciudad melchor muzquiz,27.8833,-101.5167,26.24,67,4,3.16,MX,1691053097
413,samarinda,-0.5,117.15,31.79,50,11,2.83,ID,1691053098
414,willemstad,12.1084,-68.9335,26.95,89,20,3.6,CW,1691053099
415,sainte catherine de la jacques cartier,46.8524,-71.6206,13.54,88,100,2.06,CA,1691053099
416,vernon,50.2581,-119.2691,19.74,45,3,1.03,CA,1691053099
417,faya-largeau,17.9257,19.1043,34.94,41,0,3.09,TD,1691053099
418,antsiranana,-12.2787,49.2917,30.42,42,40,6.17,MG,1691053100
419,champerico,14.3,-91.9167,25.86,80,90,1.94,GT,1691053100
420,papao,-17.75,-149.55,23.82,71,0,5.58,PF,1691053101
421,luga,58.7372,29.8453,24.14,60,85,3.46,RU,1691053101
422,newport,51.5877,-2.9984,18.58,82,86,2.64,GB,1691053101
423,prineville,44.2999,-120.8345,18.05,49,75,1.54,US,1691053102
424,east ballina,-28.8667,153.5833,14.89,73,87,4.6,AU,1691053103
425,jablah,35.3614,35.9256,30.16,58,40,4.12,SY,1691053103
426,dongola,19.1667,30.4833,35.44,33,58,6.31,SD,1691053103
427,hinton,53.4001,-117.5857,9.32,97,40,1.36,CA,1691053105
428,point pedro,9.8167,80.2333,29.51,70,8,8.59,LK,1691053105
429,vaxjo,56.8777,14.8091,17.36,98,75,4.63,SE,1691053105
430,saint-pierre,-21.3393,55.4781,24.82,78,0,10.8,RE,1691053106
431,koulamoutou,-1.1303,12.4736,23.21,46,15,1.35,GA,1691053106
432,mhamid,29.82,-5.72,37.08,11,0,4.11,MA,1691053106
433,podporozh'ye,60.9112,34.1706,27.37,42,100,4.57,RU,1691053107
434,argo,37.6333,22.7333,29.88,26,0,1.69,GR,1691053108
435,puntarenas,9.9763,-84.8384,25.88,85,93,1.08,CR,1691053072
436,paramonga,-10.6667,-77.8333,18.3,83,72,2.33,PE,1691053108
437,lincoln city,44.9582,-124.0179,17.0,91,0,1.31,US,1691053109
438,atasu,48.6814,71.6433,32.19,19,6,2.18,KZ,1691053110
439,xining,36.6167,101.7667,23.79,51,84,5.88,CN,1691053111
440,khovd,48.0056,91.6419,27.12,28,100,4.09,MN,1691053111
441,touros,-5.1989,-35.4608,23.19,89,40,5.49,BR,1691053111
442,cidreira,-30.1811,-50.2056,18.24,86,8,5.22,BR,1691053111
443,yuanping,38.7153,112.7575,33.56,49,0,1.32,CN,1691053112
444,vilyuchinsk,52.9306,158.4028,15.15,84,80,0.94,RU,1691053112
445,qamdo,31.1667,97.2333,15.99,49,97,0.47,CN,1691053112
446,changling,44.2653,124.0005,30.35,78,16,4.06,CN,1691053113
447,bayt al faqih,14.5164,43.3245,38.13,29,24,5.79,YE,1691053114
448,chegutu,-18.1302,30.1407,19.64,39,23,3.15,ZW,1691053114
449,kone,-21.0595,164.8658,19.14,74,100,2.72,NC,1691053114
450,chenzhou,25.8,113.0333,33.02,65,73,0.61,CN,1691053115
451,saint-francois,46.4154,3.9054,18.69,59,100,4.12,FR,1691053115
452,happy valley-goose bay,53.3168,-60.3315,10.17,93,75,1.54,CA,1691053116
453,yigo village,13.5361,144.8886,27.4,86,100,1.1,GU,1691053116
454,tansen,27.8673,83.5467,24.91,75,100,1.24,NP,1691053116
455,ayr,55.4627,-4.6339,16.39,77,40,6.17,GB,1691053117
456,laguna,38.421,-121.4238,18.58,70,0,3.09,US,1691053031
457,cam ranh,11.9214,109.1591,31.98,70,40,9.77,VN,1691053117
458,calingasta,-31.3308,-69.4078,11.44,57,34,0.68,AR,1691053118
459,shimoda,34.6667,138.95,30.2,81,24,4.72,JP,1691053118
460,taoudenni,22.6783,-3.9836,42.28,6,71,2.56,ML,1691053118
461,talcahuano,-36.7167,-73.1167,4.82,75,0,1.54,CL,1691053119
462,fort st. john,56.2499,-120.8529,10.94,100,100,2.06,CA,1691053119
463,kilju,40.9642,129.3278,30.94,66,29,1.55,KP,1691053119
464,banyuwangi,-8.2325,114.3576,27.52,70,7,2.79,ID,1691053120
465,boumagueur,35.5052,5.5525,33.63,24,0,4.69,DZ,1691053120
466,taro,-8.3862,115.28,24.0,75,32,1.52,ID,1691053120
467,ciudad constitucion,25.0369,-111.6644,26.86,64,0,2.98,MX,1691053120
468,koryazhma,61.3143,47.1691,25.02,58,98,2.14,RU,1691053121
469,tamanrasset,22.785,5.5228,28.95,30,1,2.06,DZ,1691053121
470,phan rang-thap cham,11.5667,108.9833,32.26,59,100,9.2,VN,1691053054
471,alto araguaia,-17.3147,-53.2153,17.12,47,0,1.13,BR,1691053121
472,mount pearl,47.5166,-52.7813,15.06,94,75,4.12,CA,1691053122
473,dapa,9.7594,126.0531,29.85,67,39,0.34,PH,1691053122
474,doka,13.5167,35.7667,25.37,73,100,3.93,SD,1691053122
475,tlaltenango de sanchez roman,21.7833,-103.3167,17.64,72,14,1.45,MX,1691053123
476,san antonio,29.4241,-98.4936,27.49,80,3,2.35,US,1691052937
477,phulbani,20.4667,84.2333,24.41,87,100,5.93,IN,1691053123
478,palangkaraya,-2.2,113.8333,34.57,38,2,1.58,ID,1691052974
479,gazojak,41.1875,61.4036,40.01,10,0,5.89,TM,1691053124
480,tocopilla,-22.092,-70.1979,16.02,75,25,1.0,CL,1691053124
481,soe,-9.8607,124.284,22.73,65,5,3.79,ID,1691053125
482,lospalos,-8.5186,127.0025,23.07,85,38,4.26,TL,1691053125
483,labrador city,52.9463,-66.9114,8.95,93,100,0.0,CA,1691053125
484,loncoche,-39.3667,-72.6333,-0.77,97,4,1.65,CL,1691053126
485,ciudad bolivar,8.1222,-63.5497,23.99,95,53,2.28,VE,1691053126
486,nyurba,63.2842,118.3319,21.05,60,97,4.66,RU,1691053126
487,deir ez-zor,35.3359,40.1408,38.27,23,0,6.22,SY,1691053126
488,narasannapeta,18.4167,84.05,31.91,63,99,6.04,IN,1691053127
489,choszczno,53.169,15.4205,17.66,69,52,9.28,PL,1691053127
490,severo-yeniseyskiy,60.3725,93.0408,24.71,38,100,2.87,RU,1691053127
491,remire-montjoly,4.9167,-52.2667,22.02,100,20,0.0,GF,1691053128
492,rakovski,42.3,24.9667,33.92,29,0,1.79,BG,1691053129
493,suances,43.4334,-4.0434,19.01,84,75,5.14,ES,1691053129
494,nelson bay,-32.7167,152.15,17.22,82,1,3.58,AU,1691053129
495,rabo de peixe,37.8,-25.5833,23.73,78,20,2.06,PT,1691053130
496,zalingei,12.9096,23.4741,27.83,60,100,1.39,SD,1691053130
497,mejit,10.2753,170.8646,28.33,80,51,7.14,MH,1691053130
498,paita,-5.0892,-81.1144,20.53,83,4,4.56,PE,1691053131
499,mitsamiouli,-11.3847,43.2844,26.16,69,75,9.77,KM,1691053131
500,cognac,45.5,-0.25,20.43,64,75,6.69,FR,1691053131
501,howard springs,-12.497,131.047,28.95,46,0,3.63,AU,1691053132
502,zouerate,22.7187,-12.4521,32.15,18,0,4.31,MR,1691053132
503,novyy urgal,51.0736,132.5642,23.86,53,95,1.11,RU,1691053132
504,kill devil hills,36.0307,-75.676,24.43,62,0,0.0,US,1691053132
505,flin flon,54.7682,-101.865,14.38,88,8,2.33,CA,1691053133
506,moroni,-11.7022,43.2551,26.0,69,75,9.77,KM,1691053133
507,kittila,67.6647,24.8936,20.34,77,40,6.17,FI,1691053133
508,shizunai-furukawacho,42.3339,142.3669,23.23,91,99,2.64,JP,1691053134
509,port augusta,-32.5,137.7667,20.51,37,4,6.32,AU,1691053134
510,punta cardon,11.6581,-70.215,26.79,82,0,10.66,VE,1691053134
511,sijunjung,-0.6876,100.9537,32.56,51,100,1.4,ID,1691053135
512,mahajanga,-15.7167,46.3167,31.01,37,0,6.17,MG,1691053135
513,rio grande,-32.035,-52.0986,14.41,81,100,6.22,BR,1691053136
514,letnany,50.1333,14.5167,21.91,57,75,9.77,CZ,1691053136
515,calvinia,-31.4707,19.776,16.71,39,1,7.47,ZA,1691053136
516,palapye,-22.546,27.1251,14.05,65,41,7.04,BW,1691053137
517,saint-mandrier-sur-mer,43.078,5.929,27.92,46,0,4.02,FR,1691053137
518,kununurra,-15.7667,128.7333,31.99,25,2,4.12,AU,1691053137
519,ajnala,31.8425,74.7589,34.91,84,40,0.0,IN,1691053138
520,fort mcmurray,56.7268,-111.381,12.77,100,0,1.54,CA,1691053138
521,gaalkacyo,6.7697,47.4308,32.91,29,100,12.16,SO,1691053139
522,west plains,36.7281,-91.8524,25.12,89,22,2.02,US,1691053139
523,sakaiminato,35.55,133.2333,32.96,84,75,2.57,JP,1691053139
524,truro,50.2653,-5.0544,16.6,88,75,7.2,GB,1691053140
525,nizhneudinsk,54.9076,99.0276,19.16,95,100,2.69,RU,1691053140
526,huayin,34.5675,110.0921,36.41,44,33,2.46,CN,1691053141
527,hithadhoo,-0.6,73.0833,27.82,72,48,2.91,MV,1691053141
528,gierloz,54.0813,21.4955,22.14,67,100,8.49,PL,1691053141
529,gereida,11.2811,25.1414,31.9,47,100,4.64,SD,1691053142
530,vorkuta,67.5,64.0,27.53,50,15,2.11,RU,1691053142
531,meghraj,23.5,73.5,29.32,68,95,7.37,IN,1691053143
532,badagry,6.4167,2.8833,24.99,85,100,3.85,NG,1691053143
533,sangod,24.9167,76.2833,31.26,61,100,1.39,IN,1691053143
534,spearfish,44.4908,-103.8594,21.59,64,0,2.06,US,1691053144
535,luderitz,-26.6481,15.1594,21.35,29,2,4.21,,1691053145
536,reitz,-27.8014,28.4273,11.43,38,0,1.58,ZA,1691053145
537,trabzon,40.9167,39.8333,24.05,74,40,3.09,TR,1691053145
538,queenstown,-31.8976,26.8753,16.86,29,0,6.61,ZA,1691053146
539,al muharraq,26.2572,50.6119,44.1,47,0,3.6,BH,1691053146
540,kamina,-8.7386,24.9906,27.29,27,50,4.12,CD,1691053146
541,okhotsk,59.3833,143.3,19.03,50,100,6.2,RU,1691053147
542,nola,40.922,14.5329,29.39,69,0,2.21,IT,1691053147
543,manismata,-2.4667,111.0333,32.13,53,62,3.04,ID,1691053147
544,noumea,-22.2763,166.4572,21.67,99,100,7.38,NC,1691052878
545,flying fish cove,-10.4217,105.6791,23.82,100,100,6.17,CX,1691052903
546,saurimo,-9.6608,20.3916,28.03,22,25,4.41,AO,1691053148
547,roma,43.2128,-75.4557,17.83,83,90,2.22,US,1691053149
548,turabah,21.2141,41.6331,38.21,9,1,7.96,SA,1691053149
549,klaksvik,62.2266,-6.589,9.51,96,100,9.65,FO,1691053151
550,lorengau,-2.0226,147.2712,27.63,76,65,5.27,PG,1691053151
551,torbat-e heydariyeh,35.274,59.2195,33.55,7,0,10.69,IR,1691053151
552,nadi,-17.8,177.4167,24.0,73,20,3.09,FJ,1691053152
553,port saint john's,-31.6229,29.5448,21.52,33,0,2.03,ZA,1691053152
554,tongchuanshi,35.0806,109.0897,32.43,49,17,3.22,CN,1691053152
555,kamen'-na-obi,53.7884,81.3423,31.77,33,90,0.44,RU,1691053153
556,madimba,-10.4,40.3333,26.62,53,20,7.72,TZ,1691053153
557,sierra grande,-41.606,-65.3557,3.28,32,16,4.55,AR,1691053153
558,balqash,46.8481,74.995,32.33,22,0,6.0,KZ,1691053154
559,okha,53.5739,142.9478,12.78,91,99,6.53,RU,1691053154
560,sinabang,2.4803,96.3801,27.88,77,99,1.43,ID,1691053154
561,fereydun kenar,36.6864,52.5225,28.68,77,46,5.06,IR,1691053155
562,mandal,25.45,74.5667,30.96,55,100,4.12,IN,1691053155
563,quitilipi,-26.8691,-60.2168,20.3,49,0,2.62,AR,1691053156
564,abalak,58.1286,68.5944,22.93,77,80,3.08,RU,1691053156
565,charters towers,-20.1,146.2667,19.6,52,80,4.55,AU,1691053156
566,ca mau,9.1769,105.15,30.54,62,99,5.54,VN,1691052956
